REPORTID,MODULID,UNITID,ABSCHLUSS,STANDORT,STUDIENBEREICH,STUDIENGANG,STUDIENGANG_EN,STUDIENRICHTUNG,STUDIENRICHTUNG_EN,GESAMTCREDITS,SORTIERUNG,SORTIERUNG_DOKUMENT,MODULNUMMER,MODULBEZEICHNUNG,MODULBEZEICHNUNG_EN,MODULTYP,MODULBEREICH,WAHLBEREICH,SPRACHE,HAUPTVERANTWORTLICH,KONTAKT,ALLE_VERANTWORTLICHE,MODULDAUER,STUDIENJAHR,VERORTUNG,VERORTUNG_UNIT,UNITNUMMER,UNITBEZEICHNUNG,UNITBEZEICHNUNG_EN,LEHRFORM,LEHRMETHODE,PLEISTUNG_KNOTEN,PLEISTUNG,GEWICHTUNG,BENOTUNG,PRUEFUNGSUMFANG,ECTSCREDITS,PRAESENZ,SELBSTSTUDIUM,TRANSFER,PRUEFUNG,PRAESENZ_GESAMT,SELBSTSTUDIUM_GESAMT,TRANSFER_GESAMT,PRUEFUNG_GESAMT,OPTIONAL,WAHLMODULE,MODUL_VERSION,UNIT_VERSION,MAX_MODUL_VERSION,MAX_UNIT_VERSION
"186e62769ecroot","372703963523876","372704009341880","Master","CAS","Studienbereich Sozialwesen","Governance Sozialer Arbeit","Governance of Social Work","","",90,4,"SMGSA_01","SMGSA_01","Theorien Sozialer Arbeit, gesellschaftlicher Wandel Governance","Social Work Theories, Social Change, Governance","1|Generalistisches Modul","Festgelegter Modulbereich",(null),"Deutsch","Prof. Dr. Günter Rieger","rieger@dhbw-stuttgart.de","Prof. Dr. Günter Rieger",1,0,"-","0","SMGSA_01.1","Theorien Sozialer Arbeit, gesellschaftlicher Wandel Governance","Social Work Theories, Social Change, Governance","Vorlesung, Übung","Praxis","MODULE","Seminararbeit / Referat",100,"ja","Siehe Pruefungsordnung",5.0,40.0,110.0,0.0,0.0,40.0,110.0,0.0,0.0,0,0,2,2,2,2
"186e62769ecroot","372704574463900","372704600379904","Master","CAS","Studienbereich Sozialwesen","Governance Sozialer Arbeit","Governance of Social Work","","",90,7,"SMGSA_04","SMGSA_04","Rechtliche Rahmenbedingungen sozial(wirtschaftlich)er Organisationen","Legal Framework of social(economic) Organisations","1|Generalistisches Modul","Festgelegter Modulbereich",(null),"Deutsch","Prof. Dr. iur. Rainer Patjens","rainer.patjens@dhbw-stuttgart.de","Prof. Dr. iur. Rainer Patjens",1,0,"-","0","SMGSA_04.1","Rechtliche Rahmenbedingungen sozial(wirtschaftlich)er Organisationen","Legal Framework of social(economic) Organisations","Vorlesung, Übung","Praxis","MODULE","Klausur",100,"ja","120",5.0,40.0,110.0,0.0,0.0,40.0,110.0,0.0,0.0,0,0,2,2,2,2
"186e62769ecroot","372723380386528","372723457321533","Master","CAS","Studienbereich Sozialwesen","Governance Sozialer Arbeit","Governance of Social Work","","",90,8,"SMGSA_05","SMGSA_05","Governance sozial(wirtschaftlich)er Organisationen","Governance of  social(economic) Organisations","1|Generalistisches Modul","Festgelegter Modulbereich",(null),"Deutsch","Prof. Dr. Klaus Grunwald","klaus.grunwald@dbhw-stuttgart.de","Prof. Dr. Klaus Grunwald",1,0,"-","0","SMGSA_05.3","Governance sozial(wirtschaftlich)er Organisationen","Governance of social(economic) Organisations","Vorlesung, Übung","Praxis","MODULE","Studienarbeit",100,"ja","Siehe Pruefungsordnung",5.0,40.0,110.0,0.0,0.0,40.0,110.0,0.0,0.0,0,0,3,1,3,1
"186e62769ecroot","372723492120535","372723522101539","Master","CAS","Studienbereich Sozialwesen","Governance Sozialer Arbeit","Governance of Social Work","","",90,9,"SMGSA_06","SMGSA_06","Organisationen gestalten, Personal führen","Personnel and Organisation","1|Generalistisches Modul","Festgelegter Modulbereich",(null),"Deutsch","Prof. Dr. Sabine Woydt","sabine.woydt@heilbronn.dhbw.de","Prof. Dr. Sabine Woydt",1,0,"-","0","SMGSA_06.1","Organisationen gestalten, Personal führen","Personnel and Organisation","Vorlesung, Übung","Praxis","MODULE","Klausur",100,"ja","120",5.0,40.0,110.0,0.0,0.0,40.0,110.0,0.0,0.0,0,0,2,2,2,2
"186e62769ecroot","372723553122541","372723586019545","Master","CAS","Studienbereich Sozialwesen","Governance Sozialer Arbeit","Governance of Social Work","","",90,10,"SMGSA_07","SMGSA_07","Unternehmensführung sozial(wirtschaftlich)er Organisationen I","Business Management of social(economic) Organisations I","1|Generalistisches Modul","Festgelegter Modulbereich",(null),"Deutsch","Prof. Dr. Monika Sagmeister",(null),"Prof. Dr. Monika Sagmeister",1,0,"-","0","SMGSA_07.1","Unternehmensführung sozial(wirtschaftlich)er Organisationen I","Business Management of social(economic) Organisations I","Vorlesung, Übung","Praxis","MODULE","Mündliche Prüfung",100,"ja","30",5.0,40.0,110.0,0.0,0.0,40.0,110.0,0.0,0.0,0,0,2,2,2,2
"186e62769ecroot","372723611046547","372723664135553","Master","CAS","Studienbereich Sozialwesen","Governance Sozialer Arbeit","Governance of Social Work","","",90,11,"SMGSA_08","SMGSA_08","Unternehmensführung sozial(wirtschaftlich)er Organisationen II","Business Management of social(economic) Organisations II","1|Generalistisches Modul","Festgelegter Modulbereich",(null),"Deutsch","Prof. Dr. Monika Sagmeister",(null),"Prof. Dr. Monika Sagmeister",1,0,"-","0","SMGSA_08.5","Unternehmensführung sozial(wirtschaftlich)er Organisationen II","Business Management of social(economic) Organisations II","Vorlesung, Übung","Praxis","MODULE","Mündliche Prüfung",100,"ja","30",5.0,40.0,110.0,0.0,0.0,40.0,110.0,0.0,0.0,0,0,3,1,3,1
"186e62769ecroot","372723718294556","372723767636561","Master","CAS","Studienbereich Sozialwesen","Governance Sozialer Arbeit","Governance of Social Work","","",90,12,"SMGSA_09","SMGSA_09","Unternehmensführung sozial(wirtschaftlich)er Organisationen III","Business Management of social(economic) Organisations III","1|Generalistisches Modul","Festgelegter Modulbereich",(null),"Deutsch","Prof. Dr. Monika Sagmeister",(null),"Prof. Dr. Monika Sagmeister",1,0,"-","0","SMGSA_09.4","Unternehmensführung sozial(wirtschaftlich)er Organisationen III","Business Management of social(economic) Organisations III","Vorlesung, Übung","Praxis","MODULE","Mündliche Prüfung",100,"ja","30",5.0,40.0,110.0,0.0,0.0,40.0,110.0,0.0,0.0,0,0,3,1,3,1
"186e62769ecroot","372723809307564","372723835863568","Master","CAS","Studienbereich Sozialwesen","Governance Sozialer Arbeit","Governance of Social Work","","",90,15,"SMGSA_10","SMGSA_10","Politik und Zivilgesellschaft","Politics and Civil Society","1|Generalistisches Modul","Festgelegter Modulbereich",(null),"Deutsch","Prof. Dr. Ursula Weber","ursula.weber@dhbw-stuttgart.de","Prof. Dr. Ursula Weber",1,0,"-","0","SMGSA_10.1","Politik und Zivilgesellschaft","Politics and Civil Society","Vorlesung, Übung","Praxis","MODULE","Seminararbeit / Referat",100,"ja","Siehe Pruefungsordnung",5.0,40.0,110.0,0.0,0.0,40.0,110.0,0.0,0.0,0,0,2,2,2,2
"186e62769ecroot","372723864551570","372723910001574","Master","CAS","Studienbereich Sozialwesen","Governance Sozialer Arbeit","Governance of Social Work","","",90,16,"SMGSA_11","SMGSA_11","Innovative soziale Dienstleistungen","Innovative Social Services","1|Generalistisches Modul","Festgelegter Modulbereich",(null),"Deutsch","Prof. Dr. Michael Batz","batz@dhbw-heidenheim.de","Prof. Dr. Michael Batz",1,0,"-","0","SMGSA_11.1","Innovative soziale Dienstleistungen","Innovative Social Services","Vorlesung, Übung","Praxis","MODULE","Projekt- bzw. Forschungsskizze / Referat",100,"ja","Siehe Pruefungsordnung",5.0,40.0,110.0,0.0,0.0,40.0,110.0,0.0,0.0,0,0,2,2,2,2
"186e62769ecroot","372724078890583","372724101890587","Master","CAS","Studienbereich Sozialwesen","Governance Sozialer Arbeit","Governance of Social Work","","",90,18,"SMGSA_13.2","SMGSA_13.2","Vertiefung Betriebswirtschaft in sozial(wirtschaftlich)en Organisationen","Advanced Training in Business Administration","1|Generalistisches Modul","Festgelegter Modulbereich",(null),"Deutsch","Prof. Dr. Steffen Arnold","arnold@dhbw-vs.de","Prof. Dr. Steffen Arnold",1,0,"-","0","SMGSA_13.2","Vertiefung Betriebswirtschaft in sozial(wirtschaftlich)en Organisationen","Advanced Training in Business Administration","Vorlesung, Übung","Praxis","MODULE","Klausur",100,"ja","120",5.0,40.0,110.0,0.0,0.0,40.0,110.0,0.0,0.0,0,0,2,2,2,2
"186e62769ecroot","372724166195589","372724194145593","Master","CAS","Studienbereich Sozialwesen","Governance Sozialer Arbeit","Governance of Social Work","","",90,26,"SMGSA_13.3","SMGSA_13.3","Vertiefung rechtlicher Aspekte sozial(wirtschaftlich)er Organisationen","Advanced Training in Law of Social Work","1|Generalistisches Modul","Festgelegter Modulbereich",(null),"Deutsch","Prof. Dr. iur. Rainer Patjens","rainer.patjens@dhbw-stuttgart.de","Prof. Dr. iur. Rainer Patjens",1,0,"-","0","SMGSA_13.3","Vertiefung rechtlicher Aspekte sozial(wirtschaftlich)er Organisationen","Advanced Training in Law of Social Work","Vorlesung, Übung","Praxis","MODULE","Klausur",100,"ja","120",5.0,40.0,110.0,0.0,0.0,40.0,110.0,0.0,0.0,0,0,2,2,2,2
"186e62769ecroot","372724344786611","354045283729641","Master","CAS","Studienbereich Sozialwesen","Governance Sozialer Arbeit","Governance of Social Work","","",90,63,"SMGSA_14","SMGSA_14","Masterarbeit","Master Thesis","1|Generalistisches Modul","Festgelegter Modulbereich",(null),"","Prof. Dr. Monika Sagmeister",(null),"Prof. Dr. Monika Sagmeister",1,0,"-","0","MGSA_11.1","Masterarbeit",(null),"Vorlesung, Übung","Lehrvortrag, Diskussion","MODULE","Masterarbeit",21,"ja","Siehe Pruefungsordnung",25.0,8.0,622.0,0.0,0.0,12.0,736.0,0.0,0.0,0,0,2,1,2,1
"186e62769ecroot","372724344786611","354045283729641","Master","CAS","Studienbereich Sozialwesen","Governance Sozialer Arbeit","Governance of Social Work","","",90,63,"SMGSA_14","SMGSA_14","Masterarbeit","Master Thesis","1|Generalistisches Modul","Festgelegter Modulbereich",(null),"","Prof. Dr. Monika Sagmeister",(null),"Prof. Dr. Monika Sagmeister",1,0,"-","0","MGSA_11.1","Masterarbeit",(null),"Vorlesung, Übung","Lehrvortrag, Diskussion","MODULE","Mündliche Prüfung",4,"ja","Siehe Pruefungsordnung",25.0,8.0,622.0,0.0,0.0,12.0,736.0,0.0,0.0,0,0,2,1,2,1
"186e62769ecroot","372724344786611","360656574338119","Master","CAS","Studienbereich Sozialwesen","Governance Sozialer Arbeit","Governance of Social Work","","",90,63,"SMGSA_14","SMGSA_14","Masterarbeit","Master Thesis","1|Generalistisches Modul","Festgelegter Modulbereich",(null),"","Prof. Dr. Monika Sagmeister",(null),"Prof. Dr. Monika Sagmeister",1,0,"-","0","MGSA_11.2","Kolloqium",(null),"Vorlesung, Übung","Lehrvortrag, Diskussion","MODULE","Masterarbeit",21,"ja","Siehe Pruefungsordnung",25.0,4.0,114.0,0.0,0.0,12.0,736.0,0.0,0.0,0,0,2,1,2,1
"186e62769ecroot","372724344786611","360656574338119","Master","CAS","Studienbereich Sozialwesen","Governance Sozialer Arbeit","Governance of Social Work","","",90,63,"SMGSA_14","SMGSA_14","Masterarbeit","Master Thesis","1|Generalistisches Modul","Festgelegter Modulbereich",(null),"","Prof. Dr. Monika Sagmeister",(null),"Prof. Dr. Monika Sagmeister",1,0,"-","0","MGSA_11.2","Kolloqium",(null),"Vorlesung, Übung","Lehrvortrag, Diskussion","MODULE","Mündliche Prüfung",4,"ja","Siehe Pruefungsordnung",25.0,4.0,114.0,0.0,0.0,12.0,736.0,0.0,0.0,0,0,2,1,2,1
"186e62769ecroot","372733227461217","372733256714221","Master","CAS","Studienbereich Sozialwesen","Governance Sozialer Arbeit","Governance of Social Work","","",90,28,"SMSAM_04","SMSAM_04","Rechtliche Grundlagen","Legal Principles","1|Generalistisches Modul","Festgelegter Modulbereich",(null),"Deutsch","Prof . Dr. Rahel Gugel",(null),"Prof . Dr. Rahel Gugel",1,0,"-","0","SMSAM_04.1","Rechtliche Grundlagen","Legal Principles","Vorlesung, Übung","Praxis","MODULE","Klausur",100,"ja","120",5.0,40.0,110.0,0.0,0.0,40.0,110.0,0.0,0.0,0,0,2,2,2,2
"186e62769ecroot","372733408210224","372733434802228","Master","CAS","Studienbereich Sozialwesen","Governance Sozialer Arbeit","Governance of Social Work","","",90,29,"SMSAM_05","SMSAM_05","Migrationspolitiken im nationalen und internationalen Kontext","Migration Policies in the National and International Context","1|Generalistisches Modul","Festgelegter Modulbereich",(null),"Deutsch","Prof. Dr. Süleyman Gögercin","goegercin@dhbw-vs.de","Prof. Dr. Süleyman Gögercin",1,0,"-","0","SMSAM_05.1","Migrationspolitiken im nationalen und internationalen Kontext","Migration Policies in the National and International Context","Vorlesung, Übung","Praxis","MODULE","Klausur",100,"ja","120",5.0,40.0,110.0,0.0,0.0,40.0,110.0,0.0,0.0,0,0,2,2,2,2
"186e62769ecroot","372733455712230","372733488354234","Master","CAS","Studienbereich Sozialwesen","Governance Sozialer Arbeit","Governance of Social Work","","",90,30,"SMSAM_06","SMSAM_06","Migration und Migrationstheorien","Migration and Migration Theories","1|Generalistisches Modul","Festgelegter Modulbereich",(null),"Deutsch","Prof. Dr. Ute Koch","Ute.Koch@dhbw-stuttgart.de","Prof. Dr. Ute Koch",1,0,"-","0","SMSAM_06.1","Migration und Migrationstheorien","Migration and Migration Theories","Vorlesung, Übung","Praxis","MODULE","Testat",100,"Bestanden/ Nicht-Bestanden","Siehe Pruefungsordnung",5.0,40.0,110.0,0.0,0.0,40.0,110.0,0.0,0.0,0,0,3,2,3,2
"186e62769ecroot","372733524302237","372733619133241","Master","CAS","Studienbereich Sozialwesen","Governance Sozialer Arbeit","Governance of Social Work","","",90,31,"SMSAM_07","SMSAM_07","Vielfalt, Differenz und „interkulturelle Kompetenz“ im Diskurs","Diversity and Difference in the Migration Society and ""Intercultural Competence"" in Discourse","1|Generalistisches Modul","Festgelegter Modulbereich",(null),"Deutsch","Prof. Dr. Ute Koch","Ute.Koch@dhbw-stuttgart.de","Prof. Dr. Ute Koch",2,0,"-","0","SMSAM_07.1","Vielfalt, Differenz und „interkulturelle Kompetenz“ im Diskurs","Diversity and Difference in the Migration Society and ""Intercultural Competence"" in Discourse","Vorlesung, Übung","Praxis","MODULE","Seminararbeit",100,"ja","Siehe Pruefungsordnung",5.0,40.0,110.0,0.0,0.0,40.0,110.0,0.0,0.0,0,0,5,2,5,2
"186e62769ecroot","372733644322243","372733719642247","Master","CAS","Studienbereich Sozialwesen","Governance Sozialer Arbeit","Governance of Social Work","","",90,32,"SMSAM_08","SMSAM_08","Handlungstheorien, Konzepte und Methoden Sozialer Arbeit in der Migrationsgesellschaft","Action Theories, Methods and Concepts of Social Work in the Migration Society, incl. Organizational Concepts in Dealing with Diversity","1|Generalistisches Modul","Festgelegter Modulbereich",(null),"Deutsch","Prof. Dr. Beate Blank","blank@dhbw-vs.de","Prof. Dr. Beate Blank",1,0,"-","0","SMSAM_08.1","Handlungstheorien, Konzepte und Methoden Sozialer Arbeit in der Migrationsgesellschaft","Action Theories, Methods and Concepts of Social Work in the Migration Society, incl. Organizational Concepts in Dealing with Diversity","Vorlesung, Übung","Praxis","MODULE","Projekt- bzw. Forschungsskizze",100,"ja","Siehe Pruefungsordnung",5.0,40.0,110.0,0.0,0.0,40.0,110.0,0.0,0.0,0,0,2,2,2,2
"186e62769ecroot","372733748518249","372733778844253","Master","CAS","Studienbereich Sozialwesen","Governance Sozialer Arbeit","Governance of Social Work","","",90,33,"SMSAM_09","SMSAM_09","(Alltags-)Rassismus und soziale Konstruktion von (Nicht-) Zugehörigkeit","(Everyday) Racism and Social Construction of (Non-)Belonging","1|Generalistisches Modul","Festgelegter Modulbereich",(null),"Deutsch","Prof. Dr. Barbara Schramkowski","schramkowski@dhbw-vs.de","Prof. Dr. Barbara Schramkowski",1,0,"-","0","SMSAM_09.1","(Alltags-)Rassismus und soziale Konstruktion von (Nicht-) Zugehörigkeit","(Everyday) Racism and Social Construction of (Non-)Belonging","Vorlesung, Übung","Praxis","MODULE","Testat / Referat",100,"Bestanden/ Nicht-Bestanden","Siehe Pruefungsordnung",5.0,40.0,110.0,0.0,0.0,40.0,110.0,0.0,0.0,0,0,3,2,3,2
"186e62769ecroot","372773681146715","372773721131719","Master","CAS","Studienbereich Sozialwesen","Governance Sozialer Arbeit","Governance of Social Work","","",90,34,"SMSAM_10","SMSAM_10","Intersektionalität in der Sozialen Arbeit im Spannungsfeld vielfältiger Differenzlinien","Intersectionality in Social Work regarding Various (Conflicting) Lines of Difference","1|Generalistisches Modul","Festgelegter Modulbereich",(null),"Deutsch","Prof. Dr. Anne-Katrin Schührer","anne-katrin.schuehrer@dhbw-stuttgart.de","Prof. Dr. Anne-Katrin Schührer",1,0,"-","0","SMSAM_10.1","Intersektionalität in der Sozialen Arbeit im Spannungsfeld vielfältiger Differenzlinien","Intersectionality in Social Work regarding Various (Conflicting) Lines of Difference","Vorlesung, Übung","Praxis","MODULE","Seminararbeit",100,"ja","Siehe Pruefungsordnung",5.0,40.0,110.0,0.0,0.0,40.0,110.0,0.0,0.0,0,0,3,2,3,2
"186e62769ecroot","372773748216721","372773774801725","Master","CAS","Studienbereich Sozialwesen","Governance Sozialer Arbeit","Governance of Social Work","","",90,35,"SMSAM_11","SMSAM_11","Menschenrechte und Internationale Soziale Arbeit in der globalen Migrationsgesellschaft","Human Rights and International Social Work in the Global Migration Society","1|Generalistisches Modul","Festgelegter Modulbereich",(null),"Deutsch","Prof. Dr. Beate Blank","blank@dhbw-vs.de","Prof. Dr. Beate Blank",1,0,"-","0","SMSAM_11.1","Menschenrechte und Internationale Soziale Arbeit in der globalen Migrationsgesellschaft","Human Rights and International Social Work in the Global Migration Society","Vorlesung, Übung","Praxis","MODULE","Mündliche Prüfung",100,"ja","30",5.0,40.0,110.0,0.0,0.0,40.0,110.0,0.0,0.0,0,0,2,2,2,2
"186e62769ecroot","372773842086733","372773865775737","Master","CAS","Studienbereich Sozialwesen","Governance Sozialer Arbeit","Governance of Social Work","","",90,36,"SMSAM_13.1","SMSAM_13.1","Soziale Arbeit in ausgewählten Ländern","Social Work in selected Countries","1|Generalistisches Modul","Festgelegter Modulbereich",(null),"Deutsch","Prof. Dr. Süleyman Gögercin","goegercin@dhbw-vs.de","Prof. Dr. Süleyman Gögercin",1,0,"-","0","SMSAM_13.1","Soziale Arbeit in ausgewählten Ländern","Social Work in selected Countries","Vorlesung, Übung","Praxis","MODULE","Klausur",100,"ja","120",5.0,40.0,110.0,0.0,0.0,40.0,110.0,0.0,0.0,0,0,2,2,2,2
"186e62769ecroot","372773885647740","372773909194744","Master","CAS","Studienbereich Sozialwesen","Governance Sozialer Arbeit","Governance of Social Work","","",90,37,"SMSAM_13.2","SMSAM_13.2","Inter- und transkulturelle Kompetenz","Inter- and Transcultural Competence","1|Generalistisches Modul","Festgelegter Modulbereich",(null),"Deutsch","Prof. Dr. Süleyman Gögercin","goegercin@dhbw-vs.de","Prof. Dr. Süleyman Gögercin",1,0,"-","0","SMSAM_13.2","Inter- und transkulturelle Kompetenz","Inter- and Transcultural Competence","Vorlesung, Übung","Praxis","MODULE","Klausur",100,"ja","120",5.0,40.0,110.0,0.0,0.0,40.0,110.0,0.0,0.0,0,0,2,2,2,2
"186e62769ecroot","372773939327746","372773977179750","Master","CAS","Studienbereich Sozialwesen","Governance Sozialer Arbeit","Governance of Social Work","","",90,38,"SMSAM_13.3","SMSAM_13.3","Migration und Gesundheit","Migration and Health","1|Generalistisches Modul","Festgelegter Modulbereich",(null),"Deutsch","Prof. Dr. Martina Wanner","wanner@dhbw-vs.de","Prof. Dr. Martina Wanner",1,0,"-","0","SMSAM_13.3","Migration und Gesundheit","Migration and Health","Vorlesung, Übung","Praxis","MODULE","Klausur",100,"ja","120",5.0,40.0,110.0,0.0,0.0,40.0,110.0,0.0,0.0,0,0,2,2,2,2
"186e62769ecroot","372783560787125","372783590423129","Master","CAS","Studienbereich Sozialwesen","Governance Sozialer Arbeit","Governance of Social Work","","",90,39,"SMSAM_13.6","SMSAM_13.6","(Un)begleitete minderjährige Flüchtlinge","(Un)accompanied Minor Refugees","1|Generalistisches Modul","Festgelegter Modulbereich",(null),"Deutsch","Prof. Dr. Süleyman Gögercin","goegercin@dhbw-vs.de","Prof. Dr. Süleyman Gögercin",1,0,"-","0","SMSAM_13.6","(Un)begleitete minderjährige Flüchtlinge","(Un)accompanied Minor Refugees","Vorlesung, Übung","Praxis","MODULE","Klausur",100,"ja","120",5.0,40.0,110.0,0.0,0.0,40.0,110.0,0.0,0.0,0,0,2,2,2,2
"186e62769ecroot","372783714431145","372783750485149","Master","CAS","Studienbereich Sozialwesen","Governance Sozialer Arbeit","Governance of Social Work","","",90,40,"SMSAM_13.9","SMSAM_13.9","Aktuelle Entwicklungen und Diskurse","Recent Developments and Discourses","1|Generalistisches Modul","Festgelegter Modulbereich",(null),"Deutsch","Prof. Dr. Süleyman Gögercin","goegercin@dhbw-vs.de","Prof. Dr. Süleyman Gögercin",1,0,"-","0","SMSAM_13.9","Aktuelle Entwicklungen und Diskurse","Recent Developments and Discourses","Vorlesung, Übung","Praxis","MODULE","Klausur",100,"ja","120",5.0,40.0,110.0,0.0,0.0,40.0,110.0,0.0,0.0,0,0,2,2,2,2
"186e62769ecroot","372784651324177","372784677695181","Master","CAS","Studienbereich Sozialwesen","Governance Sozialer Arbeit","Governance of Social Work","","",90,44,"SMSP_04","SMSP_04","Rechtliche Rahmenbedingungen der Sozialplanung","Legal Framework of Social Planning","1|Generalistisches Modul","Festgelegter Modulbereich",(null),"Deutsch","Prof. Dr. iur. Rainer Patjens","rainer.patjens@dhbw-stuttgart.de","Prof. Dr. iur. Rainer Patjens",1,0,"-","0","SMSP_04.1","Rechtliche Rahmenbedingungen der Sozialplanung","Legal Framework of Social Planning","Vorlesung, Übung","Praxis","MODULE","Klausur",100,"ja","120",5.0,40.0,110.0,0.0,0.0,40.0,110.0,0.0,0.0,0,0,2,2,2,2
"186e62769ecroot","372784695416183","372784728159187","Master","CAS","Studienbereich Sozialwesen","Governance Sozialer Arbeit","Governance of Social Work","","",90,55,"SMSP_05","SMSP_05","Einführung in die Sozialplanung","Introduction to Social Planning","1|Generalistisches Modul","Festgelegter Modulbereich",(null),"Deutsch","Prof. Dr. Margarete Finkel","margarete.finkel@dhbw-stuttgart.de","Prof. Dr. Margarete Finkel",1,0,"-","0","SMSP_05.1","Einführung in die Sozialplanung","Introduction to Social Planning","Vorlesung, Übung","Praxis","MODULE","Testat",1,"Bestanden/ Nicht-Bestanden","Siehe Pruefungsordnung",5.0,40.0,110.0,0.0,0.0,40.0,110.0,0.0,0.0,0,0,2,2,2,2
"186e62769ecroot","372793202941042","372793252172046","Master","CAS","Studienbereich Sozialwesen","Governance Sozialer Arbeit","Governance of Social Work","","",90,45,"SMSP_06","SMSP_06","Bürgerbeteiligung - Grundlagen und Methoden von Partizipation","Civic Involvement – Basics and Methods of Social Participation","1|Generalistisches Modul","Festgelegter Modulbereich",(null),"Deutsch","Prof. Dr. Ursula Weber","ursula.weber@dhbw-stuttgart.de","Prof. Dr. Ursula Weber",1,0,"-","0","SMSP_06.1","Bürgerbeteiligung - Grundlagen und Methoden von Partizipation","Civic Involvement – Basics and Methods of Social Participation","Vorlesung, Übung","Praxis","MODULE","Projekt- bzw. Forschungsskizze / Referat",1,"Bestanden/ Nicht-Bestanden","Siehe Pruefungsordnung",5.0,40.0,110.0,0.0,0.0,40.0,110.0,0.0,0.0,0,0,2,2,2,2
"186e62769ecroot","372793279710048","372793302615052","Master","CAS","Studienbereich Sozialwesen","Governance Sozialer Arbeit","Governance of Social Work","","",90,46,"SMSP_07","SMSP_07","Planung im Kontext kommunaler Sozialpolitik, Local Governance und neuer Steuerungsansätze","Planning in the Context of Local Social Policy, Local Governance and New Governance Approaches","1|Generalistisches Modul","Festgelegter Modulbereich",(null),"Deutsch","Prof. Dr. Andreas Polutta",(null),"Prof. Dr. Andreas Polutta",1,0,"-","0","SMSP_07.1","Planung im Kontext kommunaler Sozialpolitik, Local Governance und neuer Steuerungsansätze","Planning in the Context of Local Social Policy, Local Governance and New Governance Approaches","Vorlesung, Übung","Praxis","MODULE","Klausur",100,"ja","120",5.0,40.0,110.0,0.0,0.0,40.0,110.0,0.0,0.0,0,0,2,2,2,2
"186e62769ecroot","372793683948054","372793915448058","Master","CAS","Studienbereich Sozialwesen","Governance Sozialer Arbeit","Governance of Social Work","","",90,47,"SMSP_08","SMSP_08","Wirkungsorientierung, Controlling und Evaluation","Impact Assessment Controlling and Evaluation","1|Generalistisches Modul","Festgelegter Modulbereich",(null),"Deutsch","Prof. Dr. Andreas Polutta",(null),"Prof. Dr. Andreas Polutta",2,0,"-","0","SMSP_08.1","Wirkungsorientierung, Controlling und Evaluation","Impact Assessment Controlling and Evaluation","Vorlesung, Übung","Praxis","MODULE","Projekt- bzw. Forschungsskizze / Präsentation",100,"ja","Siehe Pruefungsordnung",5.0,40.0,110.0,0.0,0.0,40.0,110.0,0.0,0.0,0,0,3,2,3,2
"186e62769ecroot","372793944312060","372793970342064","Master","CAS","Studienbereich Sozialwesen","Governance Sozialer Arbeit","Governance of Social Work","","",90,48,"SMSP_09","SMSP_09","Reformanalyse und Politikberatung","Analysis of Policy Reforms and Consultation","1|Generalistisches Modul","Festgelegter Modulbereich",(null),"Deutsch","Prof. Dr. Günter Rieger","rieger@dhbw-stuttgart.de","Prof. Dr. Günter Rieger",2,0,"-","0","SMSP_09.1","Reformanalyse und Politikberatung","Analysis of Policy Reforms and Consultation","Vorlesung, Übung","Praxis","MODULE","Testat",1,"Bestanden/ Nicht-Bestanden","Siehe Pruefungsordnung",5.0,40.0,110.0,0.0,0.0,40.0,110.0,0.0,0.0,0,0,5,2,5,2
"186e62769ecroot","372793990666066","372794060113071","Master","CAS","Studienbereich Sozialwesen","Governance Sozialer Arbeit","Governance of Social Work","","",90,49,"SMSP_10","SMSP_10","Handlungsfelder der Sozialplanung","Fields of Action in Social Planning","1|Generalistisches Modul","Festgelegter Modulbereich",(null),"Deutsch","Prof.Dr. Margarete Finkel","finkel@dhbw-stuttgart.de","Prof.Dr. Margarete Finkel",1,0,"-","0","SMSP_10.6","Handlungsfelder der Sozialplanung","Fields of Action in Social Planning","Vorlesung, Übung","Praxis","MODULE","Studienarbeit",1,"ja","Siehe Pruefungsordnung",5.0,40.0,110.0,0.0,0.0,40.0,110.0,0.0,0.0,0,0,5,1,5,1
"186e62769ecroot","372794163573073","372794185389077","Master","CAS","Studienbereich Sozialwesen","Governance Sozialer Arbeit","Governance of Social Work","","",90,50,"SMSP_11","SMSP_11","Soziale Innovationen fördern und Netzwerke gestalten","Social Innovations and Networking","1|Generalistisches Modul","Festgelegter Modulbereich",(null),"Deutsch","Prof. Dr. Monika Sagmeister",(null),"Prof. Dr. Monika Sagmeister",1,0,"-","0","SMSP_11.1","Soziale Innovationen fördern und Netzwerke gestalten","Social Innovations and Networking","Vorlesung, Übung","Praxis","MODULE","Projekt- bzw. Forschungsskizze",100,"ja","Siehe Pruefungsordnung",5.0,40.0,110.0,0.0,0.0,40.0,110.0,0.0,0.0,0,0,3,3,3,3
"186e62769ecroot","372803224460126","372803272766130","Master","CAS","Studienbereich Sozialwesen","Governance Sozialer Arbeit","Governance of Social Work","","",90,52,"SMSP_13.1","SMSP_13.1","Intersektorale Zusammenarbeit","Intersectoral Cooperation","1|Generalistisches Modul","Festgelegter Modulbereich",(null),"Deutsch","Prof. Dr. Thomas Meyer","thomas.meyer@dhbw-stuttgart.de","Prof. Dr. Thomas Meyer",1,0,"-","0","SMSP_13.1","Intersektorale Zusammenarbeit","Intersectoral Cooperation","Vorlesung, Übung","Praxis","MODULE","Klausur",100,"ja","120",5.0,40.0,110.0,0.0,0.0,40.0,110.0,0.0,0.0,0,0,2,2,2,2
"186e62769ecroot","372803323212139","372803344377143","Master","CAS","Studienbereich Sozialwesen","Governance Sozialer Arbeit","Governance of Social Work","","",90,54,"SMSP_13.3","SMSP_13.3","Aktuelle Entwicklungen und Diskurse","Recent Developments and Discourses","1|Generalistisches Modul","Festgelegter Modulbereich",(null),"Deutsch","Prof. Dr. Thomas Meyer","thomas.meyer@dhbw-stuttgart.de","Prof. Dr. Thomas Meyer",1,0,"-","0","SMSP_13.3","Aktuelle Entwicklungen und Diskurse","Recent Developments and Discourses","Vorlesung, Übung","Praxis","MODULE","Klausur",100,"ja","120",5.0,40.0,110.0,0.0,0.0,40.0,110.0,0.0,0.0,0,0,2,2,2,2
"186e62769ecroot","374044846858210","374046579267231","Master","CAS","Studienbereich Sozialwesen","Governance Sozialer Arbeit","Governance of Social Work","","",90,41,"SMSAM_13.11","SMSAM_13.11","Traumapädagogik und Psychotraumatologie","Trauma pedagogy and psychotraumatology","1|Generalistisches Modul","Festgelegter Modulbereich",(null),"Deutsch","Prof. Dr. Jan Kizilhan","kizilhan@dhbw-vs.de","Prof. Dr. Jan Kizilhan",1,0,"-","0","SMSAM_13.11","Traumapädagogik und Psychotraumatologie","Trauma pedagogy and psychotraumatology","Vorlesung, Übung","Lehrvortrag, Diskussion, Gruppenarbeit","MODULE","Seminararbeit",100,"ja","Siehe Pruefungsordnung",5.0,45.0,105.0,0.0,0.0,45.0,105.0,0.0,0.0,0,0,1,1,1,1
"186e62769ecroot","374046473158218","374046562405229","Master","CAS","Studienbereich Sozialwesen","Governance Sozialer Arbeit","Governance of Social Work","","",90,42,"SMSAM_13.12","SMSAM_13.12","Traumapädagogik nach Flucht und Migration","Trauma pedagogy after flight and migration","1|Generalistisches Modul","Festgelegter Modulbereich",(null),"Deutsch","Prof. Dr. Jan Kizilhan","kizilhan@dhbw-vs.de","Prof. Dr. Jan Kizilhan",1,0,"-","0","SMSAM_13.12","Traumapädagogik nach Flucht und Migration","Trauma pedagogy after flight and migration","Vorlesung, Übung","Lehrvortrag, Diskussion, Gruppenarbeit","MODULE","Referat",100,"ja","Siehe Pruefungsordnung",5.0,50.0,100.0,0.0,0.0,50.0,100.0,0.0,0.0,0,0,1,1,1,1
"186e62769ecroot","374046508817223","374046540444227","Master","CAS","Studienbereich Sozialwesen","Governance Sozialer Arbeit","Governance of Social Work","","",90,43,"SMSAM_13.13","SMSAM_13.13","Transkulturelle traumapädagogische Fallarbeit","Transcultural and trauma pedagogical case work","1|Generalistisches Modul","Festgelegter Modulbereich",(null),"Deutsch","Prof. Dr. Jan Kizilhan","kizilhan@dhbw-vs.de","Prof. Dr. Jan Kizilhan",1,0,"-","0","SMSAM_13.13","Transkulturelle traumapädagogische Fallarbeit","Transcultural and trauma pedagogical case work","Vorlesung, Übung","Lehrvortrag, Diskussion, Gruppenarbeit","MODULE","Studienarbeit",100,"ja","Siehe Pruefungsordnung",5.0,50.0,100.0,0.0,0.0,50.0,100.0,0.0,0.0,0,0,1,1,1,1
"186e62769ecroot","374046702083244","374046746270489","Master","CAS","Studienbereich Sozialwesen","Governance Sozialer Arbeit","Governance of Social Work","","",90,20,"SMGSA_13.11","SMGSA_13.11","Digitalisierung in der Sozialen Arbeit. Trends und Entwicklungen","Digital Transformation in Social Economics. Trends and Developments.","1|Generalistisches Modul","Festgelegter Modulbereich",(null),"Deutsch",(null),(null),(null),1,0,"-","0","SMGSA_13.11","Digitalisierung in der Sozialen Arbeit. Trends und Entwicklungen","Digital Transformation in Social Economics. Trends and Developments.","Individualbetreuung","Praxis","MODULE","Projektarbeit",100,"ja","Siehe Pruefungsordnung",5.0,40.0,110.0,0.0,0.0,40.0,110.0,0.0,0.0,0,0,1,1,1,1
"186e62769ecroot","374046779236250","374046774171491","Master","CAS","Studienbereich Sozialwesen","Governance Sozialer Arbeit","Governance of Social Work","","",90,21,"SMGSA_13.12","SMGSA_13.12","Organisationsentwicklung und Gestaltung digitaler Transformation","Development of Organisations and Digital Transformation","1|Generalistisches Modul","Festgelegter Modulbereich",(null),"Deutsch",(null),(null),(null),1,0,"-","0","SMGSA_13.12","Organisationsentwicklung und Gestaltung digitaler Transformation","Development of Organisations and Digital Transformation","Vorlesung, Übung","Lehrvortrag, Diskussion, Gruppenarbeit","MODULE","Referat",100,"ja","30",5.0,40.0,110.0,0.0,0.0,40.0,110.0,0.0,0.0,0,0,1,1,1,1
"186e62769ecroot","374046831665256","374046827793493","Master","CAS","Studienbereich Sozialwesen","Governance Sozialer Arbeit","Governance of Social Work","","",90,22,"SMGSA_13.13","SMGSA_13.13","Digitalisierung von Prozessen und digitale Geschäftsmodelle","Processes of Digitalisation and Digital Business Plans","1|Generalistisches Modul","Festgelegter Modulbereich",(null),"Deutsch",(null),(null),(null),1,0,"-","0","SMGSA_13.13","Digitalisierung von Prozessen und digitale Geschäftsmodelle","Processes of Digitalisation and Digital Business Plans","Vorlesung, Übung","Lehrvortrag, Diskussion","MODULE","Referat",100,"ja","30",5.0,40.0,110.0,0.0,0.0,40.0,110.0,0.0,0.0,0,0,1,1,1,1
"186e62769ecroot","374046905835262","374046889342495","Master","CAS","Studienbereich Sozialwesen","Governance Sozialer Arbeit","Governance of Social Work","","",90,23,"SMGSA_13.14","SMGSA_13.14","Grundlagen Datenschutz, IT-Sicherheit und IT-Recht","Basics – Data Protection, IT Safety and IT Law","1|Generalistisches Modul","Festgelegter Modulbereich",(null),"Deutsch",(null),(null),(null),1,0,"-","0","SMGSA_13.14","Grundlagen Datenschutz, IT-Sicherheit und IT-Recht","Basics – Data Protection, IT Safety and IT Law","Vorlesung","Lehrvortrag, Diskussion, Fallstudien","MODULE","Seminararbeit",100,"ja","Siehe Pruefungsordnung",5.0,40.0,110.0,0.0,0.0,40.0,110.0,0.0,0.0,0,0,1,1,1,1
"186e62769ecroot","374046963478268","374046970685497","Master","CAS","Studienbereich Sozialwesen","Governance Sozialer Arbeit","Governance of Social Work","","",90,24,"SMGSA_13.15","SMGSA_13.15","IT-Infrastruktur und (Fach)Software für Soziale Arbeit","IT-Infrastructure and -Software for Social Work Practice","1|Generalistisches Modul","Festgelegter Modulbereich",(null),"Deutsch/Englisch",(null),(null),(null),1,0,"-","0","SMGSA_13.15","IT-Infrastruktur und (Fach)Software für Soziale Arbeit","IT-Infrastructure and -Software for Social Work Practice","Vorlesung, Übung","Lehrvortrag, Diskussion","MODULE","Klausur",100,"ja","120",5.0,40.0,110.0,0.0,0.0,40.0,110.0,0.0,0.0,0,0,1,1,1,1
"186e62769ecroot","374047054636274","374047035656499","Master","CAS","Studienbereich Sozialwesen","Governance Sozialer Arbeit","Governance of Social Work","","",90,25,"SMGSA_13.16","SMGSA_13.16","Chancen und Risiken der Digitalisierung in der Sozialen Arbeit","Chances and Risks of Digitalization in Social Work","1|Generalistisches Modul","Festgelegter Modulbereich",(null),"Deutsch",(null),(null),(null),1,0,"-","0","SMGSA_13.16","Chancen und Risiken der Digitalisierung in der Sozialen Arbeit","Chances and Risks of Digitalization in Social Work","Vorlesung, Übung","Lehrvortrag, Diskussion","MODULE","Projektarbeit",100,"ja","Siehe Pruefungsordnung",5.0,40.0,110.0,0.0,0.0,40.0,110.0,0.0,0.0,0,0,1,1,1,1
"186e62769ecroot","376905669029610","372724059288580","Master","CAS","Studienbereich Sozialwesen","Governance Sozialer Arbeit","Governance of Social Work","","",90,17,"SMGSA_12","SMGSA_12","Berufliche Selbstreflexion und Kompetenzentwicklung - Führung und Leitung","Professional Self-Reflection and Competency Development","1|Generalistisches Modul","Festgelegter Modulbereich",(null),"Deutsch","Prof. Dr. Anja Teubert","anja.teubert@dhbw-stuttgart.de","Prof. Dr. Monika Sagmeister, Prof. Dr. Anja Teubert",1,0,"-","0","SMGSA_12.1","Berufliche Selbstreflexion und Kompetenzentwicklung - Führung und Leitung","Professional Self-Reflection and Competency Development","Vorlesung, Übung","Praxis","MODULE","Testat",1,"Bestanden/ Nicht-Bestanden","Siehe Pruefungsordnung",5.0,40.0,110.0,0.0,0.0,40.0,110.0,0.0,0.0,0,0,4,2,4,2
"186e62769ecroot","376905701855620","372803208907124","Master","CAS","Studienbereich Sozialwesen","Governance Sozialer Arbeit","Governance of Social Work","","",90,51,"SMSP_12","SMSP_12","Berufliche Selbstreflexion und Kompetenzentwicklung - Moderation, Verhandlungsführung, Konfliktbearbeitung","Professional Self-Reflection and Competency Development","1|Generalistisches Modul","Festgelegter Modulbereich",(null),"Deutsch","Prof.Dr. Margarete Finkel","finkel@dhbw-stuttgart.de","Prof.Dr. Margarete Finkel",1,0,"-","0","SMSP_12.1","Berufliche Selbstreflexion und Kompetenzentwicklung - Moderation, Verhandlungsführung, Konfliktbearbeitung","Professional Self-Reflection and Competency Development","Vorlesung, Übung","Praxis","MODULE","Testat",1,"Bestanden/ Nicht-Bestanden","Siehe Pruefungsordnung",5.0,40.0,110.0,0.0,0.0,40.0,110.0,0.0,0.0,0,0,4,2,4,2
"186e62769ecroot","378113667476332","378113656014330","Master","CAS","Studienbereich Sozialwesen","Governance Sozialer Arbeit","Governance of Social Work","","",90,64,"XWEBEX","XWEBEX","Schulung Webex",(null),"1|Generalistisches Modul","Festgelegter Modulbereich",(null),"Deutsch",(null),(null),(null),1,0,"-","0","XWEBEX.1","Schulung zu Webex",(null),"Lehrveranstaltung","e-Learning","MODULE",(null),(null),(null),"Siehe Pruefungsordnung",0.0,0.0,0.0,0.0,0.0,0.0,0.0,0.0,0.0,0,0,1,1,1,1
"186e62769ecroot","378894668294425","378894729336429","Master","CAS","Studienbereich Sozialwesen","Governance Sozialer Arbeit","Governance of Social Work","","",90,56,"SMDiSA_04","SMDiSA_04","Digitalisierung in der Sozialen Arbeit. Trends und Entwicklungen","Digitalisation in Social Work.Trends and Developments.","1|Generalistisches Modul","Festgelegter Modulbereich",(null),"Deutsch","Prof. Dr. Steffen Arnold","arnold@dhbw-vs.de","Prof. Dr. Steffen Arnold",1,0,"-","0","SMDiSA_04","Digitalisierung in der Sozialen Arbeit. Trends und Entwicklungen","Digitalisation in Social Work. Trends and Developments.","Individualbetreuung","Projekt","MODULE","Projekt- bzw. Forschungsskizze",100,"ja","Siehe Pruefungsordnung",5.0,40.0,110.0,0.0,0.0,40.0,110.0,0.0,0.0,0,0,1,1,1,1
"186e62769ecroot","378894860586435","378894924416439","Master","CAS","Studienbereich Sozialwesen","Governance Sozialer Arbeit","Governance of Social Work","","",90,57,"SMDiSA_05","SMDiSA_05","Organisationsentwicklung und Gestaltung digitaler Transformation","Development of Organisations and Digital Transformation","1|Generalistisches Modul","Festgelegter Modulbereich",(null),"Deutsch","Prof. Dr. Thilo Grundmann","Thilo.Grundmann@dhbw-stuttgart.de","Prof. Dr. Thilo Grundmann",1,0,"-","0","SMDiSA_05.1","Organisationsentwicklung und Gestaltung digitaler Transformation","Development of Organisations and Digital Transformation","Lehrveranstaltung","Gruppenarbeit","MODULE","Referat",100,"ja","30",5.0,40.0,110.0,0.0,0.0,40.0,110.0,0.0,0.0,0,0,1,1,1,1
"186e62769ecroot","378935129719601","378935192767605","Master","CAS","Studienbereich Sozialwesen","Governance Sozialer Arbeit","Governance of Social Work","","",90,58,"SMDiSA_06","SMDiSA_06","Digitalisierung von Prozessen und digitale Geschäftsmodelle","Processes of digitalisation and digital business plans","1|Generalistisches Modul","Festgelegter Modulbereich",(null),"Deutsch","Prof. Dr. Matthias Rehme","matthias.rehme@dhbw-stuttgart.de","Prof. Dr. Matthias Rehme",1,0,"-","0","SMDiSA_06.1","Digitalisierung von Prozessen und digitale Geschäftsmodelle","Processes of digitalisation and digital business plans","Lehrveranstaltung","Gruppenarbeit","MODULE","Referat",100,"ja","30",5.0,40.0,110.0,0.0,0.0,40.0,110.0,0.0,0.0,0,0,1,1,1,1
"186e62769ecroot","378935265362610","378935318010614","Master","CAS","Studienbereich Sozialwesen","Governance Sozialer Arbeit","Governance of Social Work","","",90,59,"SMDiSA_07","SMDiSA_07","Grundlagen Datenschutz, IT-Sicherheit und IT-Recht","Basics – Data Protection, IT Safety and IT Law","1|Generalistisches Modul","Festgelegter Modulbereich",(null),"Deutsch","Prof. Dr. Tobias Straub","straub@dhbw-stuttgart.de","Prof. Dr. Tobias Straub",1,0,"-","0","SMDiSA_07.1","Grundlagen Datenschutz, IT-Sicherheit und IT-Recht","Basics – Data Protection, IT Safety and IT Law","Vorlesung","Lehrvortrag, Diskussion, Fallstudien","MODULE","Mündliche Prüfung kombiniert mit Seminararbeit",100,"ja","Siehe Pruefungsordnung",5.0,40.0,110.0,0.0,0.0,40.0,110.0,0.0,0.0,0,0,1,1,1,1
"186e62769ecroot","378935369211618","378935426542622","Master","CAS","Studienbereich Sozialwesen","Governance Sozialer Arbeit","Governance of Social Work","","",90,60,"SMDiSA_08","SMDiSA_08","IT-Infrastruktur und (Fach)Software für Soziale Arbeit","IT-Infrastructure and -Software for Social Work Practice","1|Generalistisches Modul","Festgelegter Modulbereich",(null),"Deutsch","Prof. Dr. Christina Plafky",(null),"Prof. Dr. Christina Plafky",1,0,"-","0","SMDiSA_08.1","IT-Infrastruktur und (Fach)Software für Soziale Arbeit","IT-Infrastructure and -Software for Social Work Practice","Vorlesung, Übung","Lehrvortrag, Diskussion, Gruppenarbeit","MODULE","Klausur",100,"ja","120",5.0,42.0,108.0,0.0,0.0,42.0,108.0,0.0,0.0,0,0,1,1,1,1
"186e62769ecroot","378935637221626","378935685130630","Master","CAS","Studienbereich Sozialwesen","Governance Sozialer Arbeit","Governance of Social Work","","",90,61,"SMDiSA_09","SMDiSA_09","Chancen und Risiken der Digitalisierung in der Sozialen Arbeit","Chances and risks of digitalization in Social Work","1|Generalistisches Modul","Festgelegter Modulbereich",(null),"Deutsch","Prof. Dr. Michael Batz","batz@dhbw-heidenheim.de","Prof. Dr. Michael Batz",1,0,"-","0","SMDiSA_09.1","Chancen und Risiken der Digitalisierung in der Sozialen Arbeit","Chances and risks of digitalization in Social Work","Vorlesung, Übung","blended-learning","MODULE","Projekt- bzw. Forschungsskizze",100,"ja","Siehe Pruefungsordnung",5.0,40.0,110.0,0.0,0.0,40.0,110.0,0.0,0.0,0,0,1,1,1,1
"186e62769ecroot","380705407480207","372724302959605","Master","CAS","Studienbereich Sozialwesen","Governance Sozialer Arbeit","Governance of Social Work","","",90,19,"SMGSA_13.5","SMGSA_13.5","Aktuelle Entwicklungen und Diskurse","Recent Developments and Discourses","1|Generalistisches Modul","Festgelegter Modulbereich",(null),"Deutsch","Prof. Dr. Monika Sagmeister",(null),"Prof. Dr. Monika Sagmeister",1,0,"-","0","SMGSA_13.5","Aktuelle Entwicklungen und Diskurse","Recent Developments and Discourses","Vorlesung, Übung","Praxis","MODULE","Seminararbeit / Referat",100,"ja","Siehe Pruefungsordnung",5.0,40.0,110.0,0.0,0.0,40.0,110.0,0.0,0.0,0,0,3,2,3,2
"186e62769ecroot","381766290139248","381766283344153","Master","CAS","Studienbereich Sozialwesen","Governance Sozialer Arbeit","Governance of Social Work","","",90,6,"SMGSA_03","SMGSA_03","Empirische Sozialforschung II: Auswertung, Berichterstattung, Ergebnisverwertung","Empirical Social Research II: Evaluation, Reporting, Implementation of Research Findings","1|Generalistisches Modul","Festgelegter Modulbereich",(null),"Deutsch","Prof. Dr. Thomas Meyer","thomas.meyer@dhbw-stuttgart.de","Prof. Dr. Thomas Meyer",1,0,"-","0","SMGSA_03.1","Empirische Sozialforschung II: Auswertung, Berichterstattung, Ergebnisverwertung","Empirical Social Research II: Evaluation, Reporting, Implementation of Research Findings","Vorlesung, Übung","Lehrvortrag, Diskussion, Gruppenarbeit","MODULE","Projekt- bzw. Forschungsskizze / Posterpräsentation",100,"ja","Siehe Pruefungsordnung",5.0,40.0,110.0,0.0,0.0,40.0,110.0,0.0,0.0,0,0,4,4,4,4
"186e62769ecroot","381766297169253","381766271796152","Master","CAS","Studienbereich Sozialwesen","Governance Sozialer Arbeit","Governance of Social Work","","",90,5,"SMGSA_02","SMGSA_02","Empirische Sozialforschung I: Gegenstand, Design, Erhebung","Empirical Social Research I: Subject, Survey, Design","1|Generalistisches Modul","Festgelegter Modulbereich",(null),"Deutsch","Prof. Dr. Thomas Meyer","thomas.meyer@dhbw-stuttgart.de","Prof. Dr. Thomas Meyer",1,0,"-","0","SMGSA_02.4","Empirische Sozialforschung I: Gegenstand, Design, Erhebung","Empirical Social Research I: Subject, Survey, Design","Vorlesung, Übung","Lehrvortrag, Diskussion, Gruppenarbeit","MODULE","Projekt- bzw. Forschungsskizze / Posterpräsentation",1,"Bestanden/ Nicht-Bestanden","Siehe Pruefungsordnung",5.0,40.0,110.0,0.0,0.0,40.0,110.0,0.0,0.0,0,0,4,2,4,2
